{
    "$schema": "http://json-schema.org/draft-07/schema#",
    "type": "object",
    "properties": {
        "messageOrFieldLevel": {
            "title": "Message-level or Field-level encryption/decryption",
            "description": "Encrypt/decrypt the full Kafka message, or specific field(s) in the message",
            "type": "object",
            "oneOf": [
                {
                    "title": "Message-level",
                    "description": "Encrypt/decrypt the full Kafka message",
                    "properties": {
                        "enabled": {
                            "const": false
                        }
                    }
                },
                {
                    "title": "Field-level",
                    "description": "Encrypt/decrypt specific fields of the Kafka message",
                    "properties": {
                        "enabled": {
                            "const": true
                        },
                        "fields": {
                            "type": "array",
                            "title": "JSON Attributes",
                            "description": "List of JSON attributes (using JSONPath) to encrypt/decrypt (e.g.: $.field.key)",
                            "items": {
                                "title": "JSONPath",
                                "type": "string",
                                "default": "$.exampleField.myKey"
                            }
                        }
                    }
                }
            ]
        },
        "certificatePemPublicKey": {
            "title": "Certificate Public Key",
            "description": "Specify your public key to use for encryption (Supports EL and Secrets)",
            "type": "string",
            "format": "gio-code-editor",
            "gioConfig": {
                "displayIf": {
                    "$eq": {
                        "context.flowPhase": ["PUBLISH"]
                    }
                }
            }
        },
        "certificatePemPrivateKey": {
            "title": "Certificate Private Key",
            "description": "Specify your private key to use for decryption (Supports EL and Secrets)",
            "type": "string",
            "format": "gio-code-editor",
            "gioConfig": {
                "displayIf": {
                    "$eq": {
                        "context.flowPhase": ["SUBSCRIBE"]
                    }
                }
            }
        },
        "algorithm": {
            "title": "Algorithm",
            "description": "Specify the algorithm to use",
            "type": "string",
            "default": "AES256_GCM",
            "enum": ["AES128_GCM", "AES192_GCM", "AES256_GCM"],
            "x-schema-form": {
                "type": "select",
                "titleMap": {
                    "AES128_GCM": "AES128_GCM",
                    "AES192_GCM": "AES192_GCM",
                    "AES256_GCM": "AES256_GCM"
                }
            },
            "gioConfig": {
                "enumLabelMap": {
                    "AES128_GCM": "AES128_GCM",
                    "AES192_GCM": "AES192_GCM",
                    "AES256_GCM": "AES256_GCM"
                },
                "displayIf": {
                    "$eq": {
                        "context.flowPhase": ["PUBLISH"]
                    }
                }
            }
        },
        "compressionConfiguration": {
            "type": "object",
            "title": "Compression",
            "description": "Publish phase: specify the compression type and the header name (to store for future consume).\n\nSubscribe phase: specify only the header (that was originally used to store the compression type).",
            "properties": {
                "compressionType": {
                    "title": "Compression",
                    "description": "Specify the compression to use before encryption",
                    "type": "string",
                    "default": "NONE",
                    "enum": ["NONE", "GZIP", "DEFLATE"],
                    "x-schema-form": {
                        "type": "select",
                        "titleMap": {
                            "NONE": "NONE",
                            "GZIP": "GZIP",
                            "DEFLATE": "DEFLATE"
                        }
                    },
                    "gioConfig": {
                        "displayIf": {
                            "$eq": {
                                "context.flowPhase": ["PUBLISH"]
                            }
                        }
                    }
                },
                "compressionHeader": {
                    "type": "string",
                    "title": "Compression Header",
                    "description": "Header used to store the compression type",
                    "default": "__GIO_KAFKA_MESSAGE_ENCRYPTION_POLICY_COMPRESSION_TYPE",
                    "gioConfig": {
                        "displayIf": {
                            "$eq": {
                                "context.flowPhase": ["PUBLISH", "SUBSCRIBE"]
                            }
                        }
                    }
                }
            },
            "gioConfig": {
                "uiBorder": "none"
            }
        }
    },
    "required": ["messageOrFieldLevel"]
}
